{
  "parent": "minecraft:item/handheld",
  "textures": {
    "layer0": "minecraft:item/diamond_sword"
  },
  "overrides": [
    {
      "predicate": {
        "custom_model_data": 1
      },
      "model": "minecraft:item/emerald/emerald_sword"
    },
    {
      "predicate": {
        "custom_model_data": 2
      },
      "model": "minecraft:item/obsidian/obsidian_sword"
    },
    {
      "predicate": {
        "custom_model_data": 3
      },
      "model": "minecraft:item/misc/blazing_sword"
    },
    {
      "predicate": {
        "custom_model_data": 4
      },
      "model": "minecraft:item/misc/explosive_sword"
    }
  ]
}